{
  "generator-jhipster": {
    "baseName": "farmers",
    "packageName": "com.farmers",
    "packageFolder": "com/farmers",
    "serverPort": "8008",
    "authenticationType": "session",
    "hibernateCache": "ehcache",
    "clusteredHttpSession": "no",
    "websocket": "no",
    "databaseType": "sql",
    "devDatabaseType": "h2Disk",
    "prodDatabaseType": "mysql",
    "searchEngine": "no",
    "buildTool": "maven",
    "enableSocialSignIn": false,
    "useSass": false,
    "applicationType": "monolith",
    "testFrameworks": [
      "gatling",
      "cucumber",
      "protractor"
    ],
    "jhiPrefix": "cg",
    "enableTranslation": false,
    "jhipsterVersion": "3.4.2",
    "rememberMeKey": "645bbc19c6767bd51f7c58c64e6180f6fb5030a0"
  }
}