{
    "appswift": {
        "continueTheming": true,
        "shouldCommitCode": true,
        "scmType": "git",
        "scmUserName": "kkorada",
        "scmPwd": "India@123",
        "scmUrl": "https://github.com/kkorada/farmers.git"
    },
    "cicdSwift": {
        "jenkinsProps": {
            "uploadPlugins": false,
            "scmCredId": "1479193617841scm",
            "jenkinsProtocol": "http://",
            "jenkinsPath": "/",
            "jenkinsHostName": "localhost",
            "jenkinsPort": 8080,
            "jenkinsUserId": "kkorada",
            "jenkinsPassword": "kkorada",
            "cdoeMavenName": "maven",
            "cdoeSonarName": "SonarQube@10.102.22.59",
            "scm": "git",
            "codebaseUrl": "https://github.com/kkorada/farmers.git",
            "scmUserId": "kkorada",
            "scmPwd": "India@123"
        },
        "cfProps": {
            "cfApiEndPoint": "http://api.run.pivotal.io",
            "cfCredId": "1479193617842cf",
            "createDbService": true,
            "cfProfile": "prod",
            "dbServiceName": "cleardb",
            "dbServicePlanName": "spark",
            "noOfInstances": 1,
            "appMemory": 1024,
            "appDiskQuota": 1024,
            "cfOrg": "vgupt007-org",
            "cfSpace": "development",
            "cfAppName": "farmers",
            "cfUserID": "kalyan.korada@capgemini.com",
            "cfPwd": "kalyan2547"
        }
    }
}